-- MySQL dump 10.13  Distrib 8.0.36, for Win64 (x86_64)
--
-- Host: localhost    Database: shopapp
-- ------------------------------------------------------
-- Server version	8.0.37

/*!40101 SET @OLD_CHARACTER_SET_CLIENT=@@CHARACTER_SET_CLIENT */;
/*!40101 SET @OLD_CHARACTER_SET_RESULTS=@@CHARACTER_SET_RESULTS */;
/*!40101 SET @OLD_COLLATION_CONNECTION=@@COLLATION_CONNECTION */;
/*!50503 SET NAMES utf8 */;
/*!40103 SET @OLD_TIME_ZONE=@@TIME_ZONE */;
/*!40103 SET TIME_ZONE='+00:00' */;
/*!40014 SET @OLD_UNIQUE_CHECKS=@@UNIQUE_CHECKS, UNIQUE_CHECKS=0 */;
/*!40014 SET @OLD_FOREIGN_KEY_CHECKS=@@FOREIGN_KEY_CHECKS, FOREIGN_KEY_CHECKS=0 */;
/*!40101 SET @OLD_SQL_MODE=@@SQL_MODE, SQL_MODE='NO_AUTO_VALUE_ON_ZERO' */;
/*!40111 SET @OLD_SQL_NOTES=@@SQL_NOTES, SQL_NOTES=0 */;

--
-- Table structure for table `categories`
--

DROP TABLE IF EXISTS `categories`;
/*!40101 SET @saved_cs_client     = @@character_set_client */;
/*!50503 SET character_set_client = utf8mb4 */;
CREATE TABLE `categories` (
  `id` int NOT NULL AUTO_INCREMENT,
  `name` varchar(100) NOT NULL DEFAULT '' COMMENT 'Tên danh mục, vd: đồ điện tử',
  PRIMARY KEY (`id`)
) ENGINE=InnoDB AUTO_INCREMENT=22 DEFAULT CHARSET=utf8mb4 COLLATE=utf8mb4_0900_ai_ci;
/*!40101 SET character_set_client = @saved_cs_client */;

--
-- Dumping data for table `categories`
--

LOCK TABLES `categories` WRITE;
/*!40000 ALTER TABLE `categories` DISABLE KEYS */;
INSERT INTO `categories` VALUES (1,'Đồ điện tử'),(3,'Vũ khí hạng nặng'),(4,'Tên lửa chống tăng'),(5,'Tên lửa vác vai'),(6,'Tên lửa đạn đạo chiến thuật'),(7,'ICBM'),(8,'Bánh ngọt'),(9,'Bánh rán'),(11,'Bánh bao'),(12,'Súng chống tăng'),(18,'Bánh sinh nhật');
/*!40000 ALTER TABLE `categories` ENABLE KEYS */;
UNLOCK TABLES;

--
-- Table structure for table `order_details`
--

DROP TABLE IF EXISTS `order_details`;
/*!40101 SET @saved_cs_client     = @@character_set_client */;
/*!50503 SET character_set_client = utf8mb4 */;
CREATE TABLE `order_details` (
  `id` int NOT NULL AUTO_INCREMENT,
  `order_id` int DEFAULT NULL,
  `product_id` int DEFAULT NULL,
  `price` float DEFAULT NULL,
  `number_of_products` int DEFAULT NULL,
  `total_money` float DEFAULT NULL,
  `color` varchar(20) DEFAULT '',
  PRIMARY KEY (`id`),
  KEY `order_id` (`order_id`),
  KEY `product_id` (`product_id`),
  CONSTRAINT `order_details_ibfk_1` FOREIGN KEY (`order_id`) REFERENCES `orders` (`id`),
  CONSTRAINT `order_details_ibfk_2` FOREIGN KEY (`product_id`) REFERENCES `products` (`id`),
  CONSTRAINT `order_details_chk_1` CHECK ((`price` >= 0)),
  CONSTRAINT `order_details_chk_2` CHECK ((`number_of_products` > 0)),
  CONSTRAINT `order_details_chk_3` CHECK ((`total_money` >= 0))
) ENGINE=InnoDB AUTO_INCREMENT=6 DEFAULT CHARSET=utf8mb4 COLLATE=utf8mb4_0900_ai_ci;
/*!40101 SET character_set_client = @saved_cs_client */;

--
-- Dumping data for table `order_details`
--

LOCK TABLES `order_details` WRITE;
/*!40000 ALTER TABLE `order_details` DISABLE KEYS */;
INSERT INTO `order_details` VALUES (1,1,4,123456,1,100000,NULL),(2,1,5,123456,1,123456,NULL),(3,1,6,123456,1,123456,NULL),(4,1,8,246912,2,246912,NULL),(5,1,4,123456,1,100000,NULL);
/*!40000 ALTER TABLE `order_details` ENABLE KEYS */;
UNLOCK TABLES;

--
-- Table structure for table `orders`
--

DROP TABLE IF EXISTS `orders`;
/*!40101 SET @saved_cs_client     = @@character_set_client */;
/*!50503 SET character_set_client = utf8mb4 */;
CREATE TABLE `orders` (
  `id` int NOT NULL AUTO_INCREMENT,
  `user_id` int DEFAULT NULL,
  `fullname` varchar(100) DEFAULT '',
  `email` varchar(100) DEFAULT '',
  `phone_number` varchar(20) NOT NULL,
  `address` varchar(200) NOT NULL,
  `note` varchar(100) DEFAULT '',
  `order_date` datetime DEFAULT CURRENT_TIMESTAMP,
  `status` enum('pending','processing','shipped','delivered','cancelled') DEFAULT NULL COMMENT 'Trạng thái đơn hàng',
  `total_money` float DEFAULT NULL,
  `shipping_method` varchar(100) DEFAULT NULL,
  `shipping_address` varchar(200) DEFAULT NULL,
  `shipping_date` date DEFAULT NULL,
  `tracking_number` varchar(100) DEFAULT NULL,
  `payment_method` varchar(100) DEFAULT NULL,
  `active` tinyint(1) DEFAULT NULL,
  PRIMARY KEY (`id`),
  KEY `user_id` (`user_id`),
  CONSTRAINT `orders_ibfk_1` FOREIGN KEY (`user_id`) REFERENCES `users` (`id`),
  CONSTRAINT `orders_chk_1` CHECK ((`total_money` >= 0))
) ENGINE=InnoDB AUTO_INCREMENT=4 DEFAULT CHARSET=utf8mb4 COLLATE=utf8mb4_0900_ai_ci;
/*!40101 SET character_set_client = @saved_cs_client */;

--
-- Dumping data for table `orders`
--

LOCK TABLES `orders` WRITE;
/*!40000 ALTER TABLE `orders` DISABLE KEYS */;
INSERT INTO `orders` VALUES (1,4,'Aaron McKenzie','aaron@gmail.com','1234566','U.S','Nothing, just go','2025-07-11 07:21:23','shipped',10000,'express','VietNam',NULL,NULL,'cod',0),(2,7,'Lara Perkins','lara@gmail.com','123456678','U.S','Nothing, just go','2025-08-17 01:07:51','pending',10000,'express','VietNam',NULL,NULL,'cod',1),(3,5,'Waverly Earp','waverly@gmail.com','012345681','U.S','Nothing, just go','2025-08-17 01:32:26','pending',120000,'express','HaNoi, VietNam',NULL,NULL,'bank transfer',1);
/*!40000 ALTER TABLE `orders` ENABLE KEYS */;
UNLOCK TABLES;

--
-- Table structure for table `product_images`
--

DROP TABLE IF EXISTS `product_images`;
/*!40101 SET @saved_cs_client     = @@character_set_client */;
/*!50503 SET character_set_client = utf8mb4 */;
CREATE TABLE `product_images` (
  `id` int NOT NULL AUTO_INCREMENT,
  `product_id` int DEFAULT NULL,
  `image_url` varchar(300) DEFAULT '',
  PRIMARY KEY (`id`),
  KEY `product_id` (`product_id`),
  CONSTRAINT `product_images_ibfk_1` FOREIGN KEY (`product_id`) REFERENCES `products` (`id`) ON DELETE CASCADE
) ENGINE=InnoDB AUTO_INCREMENT=96 DEFAULT CHARSET=utf8mb4 COLLATE=utf8mb4_0900_ai_ci;
/*!40101 SET character_set_client = @saved_cs_client */;

--
-- Dumping data for table `product_images`
--

LOCK TABLES `product_images` WRITE;
/*!40000 ALTER TABLE `product_images` DISABLE KEYS */;
INSERT INTO `product_images` VALUES (3,2,'0f0ac29b-8195-4ab9-b946-98eb524586c8_brittana-wedding.jpg'),(4,2,'4cba8d02-0201-4c74-a84b-f4639d6b1ead_brittana-wedding-3.jpg'),(5,3,'fef6412d-833e-454c-91ef-a580cee9709f_brittana-wedding.jpg'),(6,3,'867802c7-0180-4418-8dfb-ed1ff21a593d_brittana-wedding-3.jpg'),(7,4,'2cf0d33d-dad3-4038-82ec-766b08a93ae9_brittana-wedding.jpg'),(8,4,'a070b77b-0196-4d10-9bd1-c5a6d60009fd_brittana-wedding-3.jpg'),(9,5,'e2329b75-2397-42eb-b45c-cbc6343805d9_brittana-wedding.jpg'),(10,5,'bb1179c8-7ee5-4b85-9d80-d19861aabda5_brittana-wedding-3.jpg'),(11,8,'a405e92b-6211-4683-841b-d62f0c88eebb_brittana-wedding-3.jpg'),(12,8,'8a7b1b47-364b-470c-b13e-5403bad21078_allie-and-sam-wedding.jpg'),(13,8,'a48f9e38-ad25-4764-b3ad-9aef436bdeae_brittana-wedding-2.jpg'),(14,8,'f3993f72-a351-498f-808c-724ff2105641_brittana-wedding-3.jpg'),(15,8,'f18f7793-e774-4e3e-8433-92c4b36ee5fb_lesbian-wedding.jpg'),(16,8,'4a1b54cd-8e1e-45bb-82ef-6e28803b1563_brittana-wedding-3.jpg'),(17,9,'a2e780c5-420c-4dc5-bfa6-8c3ea63169d6_brittana-wedding-3.jpg'),(18,9,'529bae5e-f43f-4aa5-8ca5-042816feafc9_allie-and-sam-wedding.jpg'),(19,9,'aef008e9-4d72-4e16-a32a-e6be94460d4c_brittana-wedding-2.jpg'),(20,9,'7edcce9f-4155-4abf-8660-08ef5f282def_brittana-wedding-3.jpg'),(21,9,'01f816ae-faa0-4e91-8019-f30ec3ca1fc7_lesbian-wedding.jpg'),(22,9,'c98c30d3-fede-472b-bc67-58e313084ef2_brittana-wedding-3.jpg'),(23,10,'4e2e0a4b-0869-49e7-a64f-47a92eef9427_brittana-wedding-3.jpg'),(24,10,'e5460624-cd4e-4336-b38f-a5dc9e9d6a54_allie-and-sam-wedding.jpg'),(25,10,'c45aad72-4035-498f-9f88-ec101ddd57c2_brittana-wedding-2.jpg'),(26,10,'bd7671e6-300b-4b00-b716-f7dfef62c636_brittana-wedding-3.jpg'),(27,10,'2a5bcedd-2030-42f0-8b10-9bb4ec2107ba_lesbian-wedding.jpg'),(28,10,'f4b8d6dd-792d-40f7-9e72-9c8ab9535dd3_brittana-wedding-3.jpg'),(29,11,'ab22c195-7f99-431a-8620-08142e90d88c_allie-and-sam-wedding.jpg'),(30,11,'3ad41a79-8270-458d-8041-9c4b13061471_brittana-wedding.jpg'),(31,11,'0de1c1f6-010d-479b-9cda-a20a8fd43d22_brittana-wedding-3.jpg'),(32,11,'5e3620d6-4654-489f-ae5c-c9663de15da5_allie-and-sam-wedding.jpg'),(33,11,'ccfc34ac-ba69-4344-aeae-bdd001739827_lesbian-wedding.jpg'),(34,11,'3c45b55e-0205-4d34-8546-f9f627341a6f_lesbian-wedding-2.jpg'),(35,12,'f7e164df-ce38-4bb4-9c2b-38a52b430f45_allie-and-sam-wedding.jpg'),(36,12,'0ca5fe91-3332-4267-b604-c54d449a8056_brittana-wedding.jpg'),(37,12,'9fc34c85-3f8c-473b-8ead-d7581e12866d_brittana-wedding-3.jpg'),(38,12,'657f5f2e-0f82-4b2c-8376-bbfb44a0dfc5_allie-and-sam-wedding.jpg'),(39,12,'f4d527a0-aec3-4de5-b750-9b9f123d04f6_lesbian-wedding.jpg'),(40,12,'f36d781a-c340-4381-a410-5a1843815c6f_lesbian-wedding-2.jpg'),(41,13,'994557f5-69d0-4cc2-832c-e29afde33e98_allie-and-sam-wedding.jpg'),(42,13,'d032b2a7-c318-45c8-a807-545ab23ac7f2_brittana-wedding.jpg'),(43,13,'8d1b1469-0043-4888-9bd6-c1ae8e57bb0c_brittana-wedding-3.jpg'),(44,13,'532722b9-d89f-4340-a417-7f6117ef7886_allie-and-sam-wedding.jpg'),(45,13,'9ed9e8ac-5ea0-4eb0-9241-6bfd490d33db_lesbian-wedding.jpg'),(46,13,'7ed67967-d2e5-41d9-94e9-f690c908876a_lesbian-wedding-2.jpg'),(47,14,'d6e0ce1f-f480-4842-b61c-7ca8fcc0362b_allie-and-sam-wedding.jpg'),(48,14,'a6b29745-5815-481b-a3ea-118fb6126fe3_brittana-wedding.jpg'),(49,14,'d0218b1d-8bb8-4c92-a0dc-bd77eddbecd7_brittana-wedding-3.jpg'),(50,14,'a63b1ccf-24ef-4a14-b1d9-6bac9990b154_allie-and-sam-wedding.jpg'),(51,14,'fd9a56e9-4888-456f-b4dd-66eddf4651bf_lesbian-wedding-2.jpg'),(52,15,'dd9b5f4f-b42a-4d15-af26-004b9c5cc5be_allie-and-sam-wedding.jpg'),(53,15,'16668dd9-fb1c-41ff-bc74-86b8ecb6fc08_brittana-wedding.jpg'),(54,15,'a4d22495-3553-4910-8f46-545814894b18_brittana-wedding-3.jpg'),(55,15,'801d882b-15ad-4bbb-bd32-6623bbe56281_allie-and-sam-wedding.jpg'),(56,15,'f476cf30-b68f-41cb-b9ba-e17792671dc8_lesbian-wedding-2.jpg'),(57,15,'c9cc6573-51e1-43b6-ad95-b47f29da7ffd_season-of-love.jpg'),(58,16,'415a259a-f28c-4485-9908-5e297ddfa67f_allie-and-sam-wedding.jpg'),(59,16,'3ba7e550-c16c-4517-ac5e-ca8f9919004c_brittana-wedding.jpg'),(60,16,'50d80f9c-3408-4573-950d-f0868ed673bb_brittana-wedding-3.jpg'),(61,16,'108a6295-d4a6-4fa8-a3f2-8378f72eca30_allie-and-sam-wedding.jpg'),(62,16,'1328a501-9a1a-46cd-b3cc-213b19bdb4c6_lesbian-wedding-2.jpg'),(63,16,'6b49f5f7-1006-4a95-ab9b-7c2ca79ee2c5_season-of-love.jpg'),(64,17,'ca90bac6-f4cf-4676-95f4-d74ca900d4e8_allie-and-sam-wedding.jpg'),(65,17,'adb3ec7f-1164-4548-a8dd-eff2670af059_brittana-wedding.jpg'),(66,17,'5beec5dc-f6e3-4c52-be9f-798905005222_brittana-wedding-3.jpg'),(67,17,'4b47e57a-2ed7-4137-b323-3385465d1f16_allie-and-sam-wedding.jpg'),(68,17,'c4dfb524-e398-4695-9349-ede1bf337153_lesbian-wedding-2.jpg'),(69,18,'10c154e1-8cbd-4494-8f41-0a3e9867acb6_allie-and-sam-wedding.jpg'),(70,18,'4a9f5533-2de6-4a9d-9cc2-9935b332a13a_brittana-wedding.jpg'),(71,18,'c64e9dbe-052a-469a-a4d4-a5c784df143d_brittana-wedding-3.jpg'),(72,18,'1b1e63c0-27c0-49d4-81ba-f81a2bbc616c_allie-and-sam-wedding.jpg'),(73,18,'4d0c5719-f9aa-4699-aef7-1123832eec71_lesbian-wedding-2.jpg'),(77,2,'5420612b-a086-47ed-8f26-de7b0112e196_brittana-wedding.jpg'),(78,2,'55bfa5bc-533b-438c-b711-d7509ba3f3ee_allie-and-sam-wedding.jpg'),(79,2,'f15a509e-cca7-4144-8fb7-374d0c031a5e_art-of-war-2-theme.jpg'),(80,4,'10b44661-73f6-4c64-9698-708e4e8a74ce_avalance-lesbian-wedding.webp'),(81,4,'3d8b12a4-6825-48c5-ab95-e31a692dc832_car-967470_1280.png'),(82,4,'6ca30855-f20d-405c-b75f-847bf1adcb03_flame-21186_256.gif'),(83,5,'5a5eef9e-8dcc-4b51-87ee-cbe6af668861_car-967470_1280.png'),(84,5,'224480d3-aa1e-44b9-be32-852b91a985e7_flame-21186_256.gif'),(85,5,'7adc8b96-6bfe-494a-b532-956327856f56_art-of-war-2-theme.jpg'),(86,3,'504ca171-4229-4a63-bcb3-b9e427eb1297_car-967470_1280.png'),(87,3,'880b5129-e50e-4ea2-9ece-04b8388ab480_flame-21186_256.gif'),(88,3,'dbc02fdd-e94c-4143-a5a3-bfe322c0f286_art-of-war-2-theme.jpg'),(89,317,'df8468b9-3fbf-4ad5-bb74-87b7c5524f27_car-967470_1280.png'),(90,317,'d0726438-d87b-47cd-be7c-60ffbb0fdd8c_flame-21186_256.gif'),(91,317,'1122ae3e-b63a-481d-b1be-1dfce5a5a2e8_art-of-war-2-theme.jpg'),(92,317,'766f8ae9-efb5-4864-a402-1ab0b16e09af_season-of-love.jpg'),(93,317,'e52822db-33f3-4ab5-b507-d423eae766ff_rpg-7.jpg'),(94,316,'03c208b3-3585-4a4f-8d87-eb6560c68276_car-967470_1280.png'),(95,316,'0680da46-368e-4b41-abc2-a6039250bd76_flame-21186_256.gif');
/*!40000 ALTER TABLE `product_images` ENABLE KEYS */;
UNLOCK TABLES;

--
-- Table structure for table `products`
--

DROP TABLE IF EXISTS `products`;
/*!40101 SET @saved_cs_client     = @@character_set_client */;
/*!50503 SET character_set_client = utf8mb4 */;
CREATE TABLE `products` (
  `id` int NOT NULL AUTO_INCREMENT,
  `name` varchar(350) DEFAULT NULL COMMENT 'Tên sản phẩm',
  `price` float NOT NULL,
  `thumbnail` varchar(300) DEFAULT '',
  `description` longtext,
  `created_at` datetime DEFAULT NULL,
  `updated_at` datetime DEFAULT NULL,
  `category_id` int DEFAULT NULL,
  PRIMARY KEY (`id`),
  KEY `category_id` (`category_id`),
  CONSTRAINT `products_ibfk_1` FOREIGN KEY (`category_id`) REFERENCES `categories` (`id`),
  CONSTRAINT `products_chk_1` CHECK ((`price` >= 0))
) ENGINE=InnoDB AUTO_INCREMENT=318 DEFAULT CHARSET=utf8mb4 COLLATE=utf8mb4_0900_ai_ci;
/*!40101 SET character_set_client = @saved_cs_client */;

--
-- Dumping data for table `products`
--

LOCK TABLES `products` WRITE;
/*!40000 ALTER TABLE `products` DISABLE KEYS */;
INSERT INTO `products` VALUES (2,'Brittana\'s wedding',1000000,'0f0ac29b-8195-4ab9-b946-98eb524586c8_brittana-wedding.jpg','This is Brittany and Santana\'s wedding photos','2025-07-10 09:55:57','2025-07-10 09:55:57',3),(3,'Brittana\'s wedding',1000000,'fef6412d-833e-454c-91ef-a580cee9709f_brittana-wedding.jpg','This is Brittany and Santana\'s wedding photos','2025-07-10 09:56:45','2025-07-10 09:56:45',3),(4,'Brittana\'s wedding',1000000,'2cf0d33d-dad3-4038-82ec-766b08a93ae9_brittana-wedding.jpg','This is Brittany and Santana\'s wedding photos','2025-07-10 09:57:34','2025-07-10 09:57:34',3),(5,'Macbook Air',123,'e2329b75-2397-42eb-b45c-cbc6343805d9_brittana-wedding.jpg','A product of Mac system','2025-07-10 09:58:17','2025-07-10 10:10:51',1),(6,'Macbook Air',123,NULL,'A product of Mac system','2025-07-10 10:03:53','2025-07-10 10:03:53',1),(8,'Brittana\'s wedding',1000000,'a405e92b-6211-4683-841b-d62f0c88eebb_brittana-wedding-3.jpg','This is Brittany and Santana\'s wedding photos','2025-07-10 10:21:22','2025-07-10 10:21:22',3),(9,'Brittana\'s wedding',1000000,'a2e780c5-420c-4dc5-bfa6-8c3ea63169d6_brittana-wedding-3.jpg','This is Brittany and Santana\'s wedding photos','2025-07-10 10:22:03','2025-07-10 10:22:03',3),(10,'Brittana\'s wedding',1000000,'4e2e0a4b-0869-49e7-a64f-47a92eef9427_brittana-wedding-3.jpg','This is Brittany and Santana\'s wedding photos','2025-07-10 10:23:42','2025-07-10 10:23:42',3),(11,'Brittana\'s wedding',1000000,'ab22c195-7f99-431a-8620-08142e90d88c_allie-and-sam-wedding.jpg','This is Brittany and Santana\'s wedding photos','2025-07-10 10:25:09','2025-07-10 10:25:09',3),(12,'Brittana\'s wedding',1000000,'f7e164df-ce38-4bb4-9c2b-38a52b430f45_allie-and-sam-wedding.jpg','This is Brittany and Santana\'s wedding photos','2025-07-10 10:26:40','2025-07-10 10:26:40',3),(13,'Many lesbian wedding',1500000,'994557f5-69d0-4cc2-832c-e29afde33e98_allie-and-sam-wedding.jpg','Not only Brittana, but also many couple:))','2025-07-10 12:58:10','2025-07-10 12:58:10',3),(14,'Many lesbian wedding',1500000,'d6e0ce1f-f480-4842-b61c-7ca8fcc0362b_allie-and-sam-wedding.jpg','Not only Brittana, but also many couple:))','2025-07-10 13:00:28','2025-07-10 13:00:28',3),(15,'Many lesbian wedding',1500000,'dd9b5f4f-b42a-4d15-af26-004b9c5cc5be_allie-and-sam-wedding.jpg','Not only Brittana, but also many couple:))','2025-07-10 13:02:39','2025-07-10 13:02:39',3),(16,'Many lesbian wedding',1500000,'415a259a-f28c-4485-9908-5e297ddfa67f_allie-and-sam-wedding.jpg','Not only Brittana, but also many couple:))','2025-07-10 13:03:45','2025-07-10 13:03:45',3),(17,'Many lesbian wedding',1500000,'ca90bac6-f4cf-4676-95f4-d74ca900d4e8_allie-and-sam-wedding.jpg','Not only Brittana, but also many couple:))','2025-07-10 13:05:59','2025-07-10 13:05:59',3),(18,'Many lesbian wedding ver 2',1700000,'10c154e1-8cbd-4494-8f41-0a3e9867acb6_allie-and-sam-wedding.jpg','Not only Brittana, but also many couple:))','2025-07-10 13:07:47','2025-07-10 13:07:47',3),(19,'Mediocre Wool Lamp',85689800,NULL,'Et et a et dolores cupiditate.','2025-07-11 02:24:41','2025-07-11 02:24:41',3),(20,'Lightweight Iron Bench',15551600,NULL,'Enim magni nesciunt excepturi cum.','2025-07-11 02:24:46','2025-07-11 02:24:46',3),(21,'Synergistic Silk Watch',58444700,NULL,'Doloribus maiores harum numquam tenetur quis excepturi est.','2025-07-11 02:24:50','2025-07-11 02:24:50',3),(22,'Intelligent Copper Computer',41222600,NULL,'Ullam unde totam.','2025-07-11 02:25:02','2025-07-11 02:25:02',3),(23,'Sleek Linen Gloves',77938500,NULL,'Nesciunt deserunt iusto nulla assumenda est qui veniam.','2025-07-11 02:25:09','2025-07-11 02:25:09',3),(24,'Awesome Steel Table',69614800,NULL,'Enim assumenda laudantium.','2025-07-11 02:29:28','2025-07-11 02:29:28',6),(25,'Synergistic Marble Car',56958600,NULL,'Libero qui repellendus culpa.','2025-07-11 02:29:29','2025-07-11 02:29:29',7),(26,'Durable Rubber Bench',10579300,NULL,'Ratione ipsum porro nulla numquam.','2025-07-11 02:29:29','2025-07-11 02:29:29',6),(27,'Small Wool Chair',76504800,NULL,'Vel voluptatem quisquam modi possimus.','2025-07-11 02:29:29','2025-07-11 02:29:29',6),(28,'Aerodynamic Paper Shirt',40198100,NULL,'Doloribus porro id velit distinctio recusandae omnis culpa.','2025-07-11 02:29:29','2025-07-11 02:29:29',6),(29,'Practical Linen Bottle',53589900,NULL,'Eum suscipit cupiditate ea omnis ut.','2025-07-11 02:29:29','2025-07-11 02:29:29',7),(30,'Small Linen Computer',88035400,NULL,'Illo sunt iure unde eaque possimus sint mollitia.','2025-07-11 02:29:29','2025-07-11 02:29:29',6),(31,'Mediocre Wool Keyboard',8562520,NULL,'Voluptatibus eius eum.','2025-07-11 02:29:29','2025-07-11 02:29:29',7),(32,'Durable Paper Clock',83992200,NULL,'Doloribus nisi numquam ut provident.','2025-07-11 02:29:29','2025-07-11 02:29:29',6),(33,'Enormous Bronze Shirt',30152500,NULL,'Molestiae ut sint nihil dignissimos id.','2025-07-11 02:29:29','2025-07-11 02:29:29',4),(34,'Practical Plastic Bottle',15609100,NULL,'Et minima velit sit pariatur.','2025-07-11 02:29:29','2025-07-11 02:29:29',7),(35,'Durable Cotton Table',56061200,NULL,'Et ut qui est voluptatem nostrum repellendus ut.','2025-07-11 02:29:29','2025-07-11 02:29:29',6),(36,'Awesome Marble Shirt',12153200,NULL,'Velit nulla ratione sint saepe vel.','2025-07-11 02:29:29','2025-07-11 02:29:29',5),(37,'Synergistic Leather Shirt',81904000,NULL,'Quisquam nemo exercitationem.','2025-07-11 02:29:29','2025-07-11 02:29:29',4),(38,'Mediocre Paper Bottle',42279700,NULL,'Vitae doloremque est nesciunt ducimus et quia.','2025-07-11 02:29:29','2025-07-11 02:29:29',6),(39,'Gorgeous Copper Table',3965680,NULL,'Ducimus consequatur explicabo vitae.','2025-07-11 02:29:29','2025-07-11 02:29:29',6),(40,'Sleek Iron Knife',56377900,NULL,'Animi mollitia magni molestias.','2025-07-11 02:29:29','2025-07-11 02:29:29',5),(41,'Small Marble Pants',40173700,NULL,'Repellendus quo laboriosam magni quae aut voluptatem.','2025-07-11 02:29:29','2025-07-11 02:29:29',4),(42,'Small Rubber Plate',13770000,NULL,'Enim voluptatum culpa.','2025-07-11 02:29:29','2025-07-11 02:29:29',3),(43,'Incredible Rubber Watch',66950600,NULL,'Est ut quia illo eaque odit.','2025-07-11 02:29:29','2025-07-11 02:29:29',5),(44,'Durable Paper Pants',65151500,NULL,'Dolorem omnis maiores eum laudantium.','2025-07-11 02:29:29','2025-07-11 02:29:29',4),(45,'Incredible Cotton Table',28467300,NULL,'Commodi ex possimus harum reprehenderit atque molestiae.','2025-07-11 02:29:29','2025-07-11 02:29:29',5),(46,'Mediocre Granite Car',54149600,NULL,'Amet neque nihil et quasi fuga rerum.','2025-07-11 02:29:29','2025-07-11 02:29:29',4),(47,'Gorgeous Paper Hat',80558500,NULL,'Cumque explicabo qui porro aut reprehenderit aut officia.','2025-07-11 02:29:29','2025-07-11 02:29:29',7),(48,'Aerodynamic Paper Lamp',64420500,NULL,'Eaque mollitia eveniet nulla omnis nostrum aut nihil.','2025-07-11 02:29:29','2025-07-11 02:29:29',6),(49,'Enormous Bronze Plate',42128800,NULL,'Voluptatem rerum et voluptate animi.','2025-07-11 02:29:29','2025-07-11 02:29:29',5),(50,'Rustic Steel Pants',46389300,NULL,'Sed ut repellendus animi autem.','2025-07-11 02:29:29','2025-07-11 02:29:29',5),(51,'Intelligent Concrete Shirt',81595100,NULL,'Nihil voluptates velit blanditiis beatae.','2025-07-11 02:29:29','2025-07-11 02:29:29',5),(52,'Practical Marble Table',25882300,NULL,'Molestiae magnam ut qui recusandae.','2025-07-11 02:29:29','2025-07-11 02:29:29',5),(53,'Ergonomic Wool Table',9871320,NULL,'Atque eius corporis rerum blanditiis occaecati hic ratione.','2025-07-11 02:29:29','2025-07-11 02:29:29',4),(54,'Practical Cotton Hat',69791600,NULL,'Et recusandae et consequatur est nostrum.','2025-07-11 02:29:29','2025-07-11 02:29:29',3),(55,'Awesome Wool Plate',26947900,NULL,'Molestiae accusamus qui ea iusto dolorem earum.','2025-07-11 02:29:29','2025-07-11 02:29:29',4),(56,'Incredible Plastic Plate',89716100,NULL,'Non officiis beatae ut optio aut illum.','2025-07-11 02:29:29','2025-07-11 02:29:29',5),(57,'Intelligent Aluminum Hat',30547200,NULL,'Deserunt cum nemo ut.','2025-07-11 02:29:29','2025-07-11 02:29:29',5),(58,'Sleek Plastic Table',81406200,NULL,'Nisi dolores aspernatur veniam.','2025-07-11 02:29:29','2025-07-11 02:29:29',5),(59,'Enormous Marble Wallet',37856800,NULL,'Maiores incidunt explicabo ut aliquid.','2025-07-11 02:29:29','2025-07-11 02:29:29',6),(60,'Enormous Cotton Bottle',50876900,NULL,'Est enim consequuntur autem omnis voluptatem nihil nobis.','2025-07-11 02:29:29','2025-07-11 02:29:29',6),(61,'Heavy Duty Wooden Clock',32987800,NULL,'Consectetur rerum dignissimos consequuntur deleniti alias amet.','2025-07-11 02:29:29','2025-07-11 02:29:29',7),(62,'Incredible Bronze Plate',3312380,NULL,'Itaque sed exercitationem iste qui soluta.','2025-07-11 02:29:29','2025-07-11 02:29:29',6),(63,'Awesome Paper Bag',40965200,NULL,'Voluptatem quae excepturi reiciendis excepturi.','2025-07-11 02:29:29','2025-07-11 02:29:29',4),(64,'Rustic Wooden Pants',76637400,NULL,'Quis molestias officia sapiente animi molestias.','2025-07-11 02:29:29','2025-07-11 02:29:29',5),(65,'Gorgeous Bronze Car',47435900,NULL,'Qui eos ratione et ullam culpa hic totam.','2025-07-11 02:29:29','2025-07-11 02:29:29',7),(66,'Sleek Leather Pants',13452600,NULL,'Dicta hic nemo sit sed et sit.','2025-07-11 02:29:29','2025-07-11 02:29:29',4),(67,'Lightweight Aluminum Bag',65389300,NULL,'Ab ullam maxime sint dignissimos commodi non.','2025-07-11 02:29:29','2025-07-11 02:29:29',5),(68,'Heavy Duty Plastic Watch',64933100,NULL,'Nostrum sit aspernatur mollitia aliquam earum.','2025-07-11 02:29:29','2025-07-11 02:29:29',7),(69,'Aerodynamic Silk Watch',35328400,NULL,'Nostrum sequi rerum ea.','2025-07-11 02:29:29','2025-07-11 02:29:29',6),(70,'Practical Paper Clock',83957700,NULL,'Est est ratione maxime vero doloremque dolorum minima.','2025-07-11 02:29:29','2025-07-11 02:29:29',4),(71,'Aerodynamic Bronze Gloves',5990810,NULL,'Quam repellendus dolorem mollitia odio magni nam quibusdam.','2025-07-11 02:29:29','2025-07-11 02:29:29',5),(72,'Sleek Iron Shirt',27529300,NULL,'Sit deserunt reiciendis ipsum fugiat asperiores consequatur est.','2025-07-11 02:29:29','2025-07-11 02:29:29',6),(73,'Heavy Duty Marble Clock',46417200,NULL,'Non nesciunt quisquam laboriosam molestias eum quo.','2025-07-11 02:29:29','2025-07-11 02:29:29',5),(74,'Intelligent Concrete Computer',55624900,NULL,'Quidem et quibusdam.','2025-07-11 02:29:29','2025-07-11 02:29:29',3),(75,'Practical Bronze Chair',67043200,NULL,'Sunt quisquam quaerat quia sint.','2025-07-11 02:29:30','2025-07-11 02:29:30',5),(76,'Rustic Steel Gloves',45372500,NULL,'Optio consequatur in fugiat explicabo rem dignissimos.','2025-07-11 02:29:30','2025-07-11 02:29:30',5),(77,'Fantastic Cotton Wallet',62620400,NULL,'Provident et saepe a dolores minima magnam eveniet.','2025-07-11 02:29:30','2025-07-11 02:29:30',6),(78,'Durable Iron Table',20224300,NULL,'Soluta et aut ducimus.','2025-07-11 02:29:30','2025-07-11 02:29:30',6),(79,'Rustic Linen Wallet',37875900,NULL,'Maiores animi eius aliquam.','2025-07-11 02:29:30','2025-07-11 02:29:30',4),(80,'Heavy Duty Concrete Chair',44980800,NULL,'Necessitatibus et repudiandae eum eaque perferendis.','2025-07-11 02:29:30','2025-07-11 02:29:30',5),(81,'Aerodynamic Linen Shirt',19442700,NULL,'Nesciunt ipsa voluptas aut deserunt commodi nulla cumque.','2025-07-11 02:29:30','2025-07-11 02:29:30',7),(82,'Practical Leather Knife',49940200,NULL,'Ut consequatur et eum sunt a quidem.','2025-07-11 02:29:30','2025-07-11 02:29:30',7),(83,'Lightweight Concrete Lamp',29748300,NULL,'Ipsam dolorem ut at.','2025-07-11 02:29:30','2025-07-11 02:29:30',6),(84,'Sleek Wool Car',46863700,NULL,'Sed facilis laboriosam autem earum.','2025-07-11 02:29:30','2025-07-11 02:29:30',4),(85,'Fantastic Wooden Pants',4548120,NULL,'Minus laudantium eligendi quia.','2025-07-11 02:29:30','2025-07-11 02:29:30',6),(86,'Rustic Marble Pants',20533700,NULL,'At laboriosam aut iusto quis.','2025-07-11 02:29:30','2025-07-11 02:29:30',4),(87,'Ergonomic Iron Pants',58958800,NULL,'Sed ut necessitatibus ab eaque qui sunt omnis.','2025-07-11 02:29:30','2025-07-11 02:29:30',3),(88,'Practical Leather Watch',85878500,NULL,'Numquam a earum.','2025-07-11 02:29:30','2025-07-11 02:29:30',4),(89,'Small Paper Plate',88438500,NULL,'Quia dolores placeat.','2025-07-11 02:29:30','2025-07-11 02:29:30',7),(90,'Lightweight Cotton Chair',2167580,NULL,'Ea animi commodi.','2025-07-11 02:29:30','2025-07-11 02:29:30',4),(91,'Ergonomic Silk Keyboard',15773600,NULL,'Ut distinctio nobis ea non.','2025-07-11 02:29:30','2025-07-11 02:29:30',6),(92,'Heavy Duty Granite Lamp',4314500,NULL,'Et sequi aspernatur fugiat eveniet et consequuntur.','2025-07-11 02:29:30','2025-07-11 02:29:30',4),(93,'Durable Concrete Lamp',29219700,NULL,'Sit quisquam voluptatum sit et.','2025-07-11 02:29:30','2025-07-11 02:29:30',5),(94,'Sleek Plastic Bag',11868600,NULL,'Velit nobis magni iure quia sit et.','2025-07-11 02:29:30','2025-07-11 02:29:30',4),(95,'Lightweight Plastic Car',83728200,NULL,'Consequatur non nisi aut deleniti ratione qui.','2025-07-11 02:29:30','2025-07-11 02:29:30',4),(96,'Awesome Linen Hat',50549100,NULL,'Sit ea impedit at omnis sunt nostrum non.','2025-07-11 02:29:30','2025-07-11 02:29:30',4),(97,'Sleek Copper Bottle',18147000,NULL,'Quia qui recusandae provident earum.','2025-07-11 02:29:30','2025-07-11 02:29:30',6),(98,'Ergonomic Leather Wallet',77634500,NULL,'Rem dolores exercitationem ex quibusdam et.','2025-07-11 02:29:30','2025-07-11 02:29:30',5),(99,'Aerodynamic Silk Keyboard',58342200,NULL,'Optio aut fugiat nisi est.','2025-07-11 02:29:30','2025-07-11 02:29:30',7),(100,'Enormous Paper Plate',6879680,NULL,'Incidunt in ipsa soluta rerum.','2025-07-11 02:29:30','2025-07-11 02:29:30',4),(101,'Heavy Duty Silk Computer',14011000,NULL,'Vel repudiandae quo quisquam qui delectus ut.','2025-07-11 02:29:30','2025-07-11 02:29:30',7),(102,'Incredible Bronze Lamp',76266000,NULL,'Aut ipsum aut fugit repellendus et.','2025-07-11 02:29:30','2025-07-11 02:29:30',6),(103,'Heavy Duty Granite Hat',37232800,NULL,'Voluptates nesciunt ducimus pariatur beatae magnam facere necessitatibus.','2025-07-11 02:29:30','2025-07-11 02:29:30',6),(104,'Rustic Marble Table',27446700,NULL,'Distinctio non hic est.','2025-07-11 02:29:30','2025-07-11 02:29:30',5),(105,'Durable Granite Bag',19668300,NULL,'Possimus doloremque nobis cum.','2025-07-11 02:29:30','2025-07-11 02:29:30',6),(106,'Practical Steel Plate',26659500,NULL,'Aspernatur quod consectetur consectetur rem harum est.','2025-07-11 02:29:30','2025-07-11 02:29:30',5),(107,'Awesome Cotton Lamp',81922700,NULL,'Explicabo dolor eius eos et at.','2025-07-11 02:29:30','2025-07-11 02:29:30',4),(108,'Heavy Duty Linen Lamp',32872600,NULL,'Illo esse quis in atque.','2025-07-11 02:29:30','2025-07-11 02:29:30',7),(109,'Enormous Bronze Coat',53009100,NULL,'Eos et necessitatibus et quos natus dolorem.','2025-07-11 02:29:30','2025-07-11 02:29:30',4),(110,'Lightweight Aluminum Gloves',7864150,NULL,'Suscipit minus eaque.','2025-07-11 02:29:30','2025-07-11 02:29:30',5),(111,'Intelligent Rubber Knife',33573000,NULL,'Hic aut inventore magnam qui laboriosam alias fugiat.','2025-07-11 02:29:30','2025-07-11 02:29:30',5),(112,'Aerodynamic Paper Clock',45566800,NULL,'Rerum eos voluptatibus ut.','2025-07-11 02:29:30','2025-07-11 02:29:30',7),(113,'Durable Bronze Shoes',34859900,NULL,'Corporis distinctio quos eligendi et facere.','2025-07-11 02:29:30','2025-07-11 02:29:30',5),(114,'Practical Rubber Wallet',37319800,NULL,'Qui iure ratione est rerum quae qui.','2025-07-11 02:29:30','2025-07-11 02:29:30',4),(115,'Rustic Concrete Table',88953200,NULL,'Aut velit quaerat tenetur architecto.','2025-07-11 02:29:30','2025-07-11 02:29:30',6),(116,'Lightweight Wool Gloves',83769000,NULL,'Et fugit in rem adipisci sequi.','2025-07-11 02:29:30','2025-07-11 02:29:30',4),(117,'Intelligent Leather Car',66385800,NULL,'Voluptatem labore in libero.','2025-07-11 02:29:30','2025-07-11 02:29:30',7),(118,'Small Steel Wallet',60892000,NULL,'Recusandae quasi hic sint ad expedita omnis sequi.','2025-07-11 02:29:30','2025-07-11 02:29:30',6),(119,'Durable Cotton Gloves',83526800,NULL,'Tempora quia eveniet fuga hic assumenda.','2025-07-11 02:29:30','2025-07-11 02:29:30',6),(120,'Practical Copper Hat',82049700,NULL,'Omnis eos tempora quasi repellat omnis.','2025-07-11 02:29:30','2025-07-11 02:29:30',6),(121,'Rustic Leather Chair',12456600,NULL,'Officiis nulla consectetur officiis.','2025-07-11 02:29:30','2025-07-11 02:29:30',4),(122,'Incredible Leather Watch',66773700,NULL,'Velit dolorem nisi est culpa nemo reiciendis minus.','2025-07-11 02:53:13','2025-07-11 02:53:13',7),(123,'Intelligent Rubber Plate',7434800,NULL,'Incidunt eum nostrum velit ullam velit officiis quia.','2025-07-11 02:53:13','2025-07-11 02:53:13',8),(124,'Incredible Granite Gloves',30023400,NULL,'Voluptatum dolores earum repudiandae.','2025-07-11 02:53:13','2025-07-11 02:53:13',4),(125,'Enormous Granite Chair',26053400,NULL,'Quia perspiciatis aliquam qui id alias et tempora.','2025-07-11 02:53:13','2025-07-11 02:53:13',3),(126,'Awesome Marble Wallet',3829030,NULL,'Dolor voluptatem id neque.','2025-07-11 02:53:13','2025-07-11 02:53:13',5),(127,'Awesome Rubber Bag',22357900,NULL,'Sed quaerat est recusandae quia velit non.','2025-07-11 02:53:13','2025-07-11 02:53:13',4),(128,'Incredible Leather Car',65113400,NULL,'Quibusdam aut aut reiciendis ab earum similique repellendus.','2025-07-11 02:53:13','2025-07-11 02:53:13',6),(129,'Heavy Duty Rubber Bench',27604300,NULL,'Doloribus qui quam unde.','2025-07-11 02:53:13','2025-07-11 02:53:13',6),(130,'Enormous Copper Chair',33939900,NULL,'Aut totam consequatur nihil occaecati quas.','2025-07-11 02:53:13','2025-07-11 02:53:13',6),(131,'Aerodynamic Cotton Bag',14603100,NULL,'Et ratione repudiandae distinctio.','2025-07-11 02:53:13','2025-07-11 02:53:13',5),(132,'Gorgeous Plastic Shirt',86908200,NULL,'Et modi ad.','2025-07-11 02:53:13','2025-07-11 02:53:13',7),(133,'Sleek Plastic Car',86124600,NULL,'Omnis magni praesentium ut enim impedit rerum expedita.','2025-07-11 02:53:13','2025-07-11 02:53:13',5),(134,'Small Iron Shirt',3085540,NULL,'Harum ipsum facilis porro tempore sunt laudantium quia.','2025-07-11 02:53:13','2025-07-11 02:53:13',8),(135,'Synergistic Silk Knife',50843000,NULL,'Amet ipsum soluta.','2025-07-11 02:53:13','2025-07-11 02:53:13',5),(136,'Gorgeous Bronze Plate',26941000,NULL,'Vero nostrum est omnis reprehenderit.','2025-07-11 02:53:13','2025-07-11 02:53:13',7),(137,'Mediocre Linen Bottle',52529100,NULL,'Sit nulla quaerat.','2025-07-11 02:53:13','2025-07-11 02:53:13',8),(138,'Awesome Aluminum Table',1937640,NULL,'Quia eum reiciendis mollitia natus in sit deserunt.','2025-07-11 02:53:13','2025-07-11 02:53:13',4),(139,'Durable Marble Clock',3715650,NULL,'Consequatur et qui voluptatem repellat qui maiores porro.','2025-07-11 02:53:13','2025-07-11 02:53:13',4),(140,'Enormous Wooden Bench',48389600,NULL,'Dolorem dolore magni delectus ut.','2025-07-11 02:53:13','2025-07-11 02:53:13',4),(141,'Fantastic Aluminum Table',56962400,NULL,'Voluptatem quia nulla.','2025-07-11 02:53:13','2025-07-11 02:53:13',4),(142,'Synergistic Granite Car',66874200,NULL,'Recusandae unde odio quaerat nam et nam.','2025-07-11 02:53:14','2025-07-11 02:53:14',6),(143,'Rustic Concrete Plate',76691700,NULL,'Non nulla rerum odit qui.','2025-07-11 02:53:14','2025-07-11 02:53:14',8),(144,'Lightweight Leather Shirt',82703500,NULL,'Amet accusantium qui provident voluptas occaecati consequatur et.','2025-07-11 02:53:14','2025-07-11 02:53:14',7),(145,'Durable Plastic Keyboard',61272200,NULL,'Commodi aliquam impedit.','2025-07-11 02:53:14','2025-07-11 02:53:14',7),(146,'Intelligent Plastic Pants',24239900,NULL,'Ab dolorum et.','2025-07-11 02:53:14','2025-07-11 02:53:14',5),(147,'Enormous Bronze Table',19301500,NULL,'Et provident dolor sapiente ut aliquid.','2025-07-11 02:53:14','2025-07-11 02:53:14',3),(148,'Sleek Plastic Shoes',82176300,NULL,'Animi at recusandae consequuntur saepe quia perferendis reiciendis.','2025-07-11 02:53:14','2025-07-11 02:53:14',4),(149,'Heavy Duty Granite Car',12679300,NULL,'Velit ipsam vitae doloribus cum in.','2025-07-11 02:53:14','2025-07-11 02:53:14',7),(150,'Mediocre Paper Plate',25463700,NULL,'Perspiciatis non amet non.','2025-07-11 02:53:14','2025-07-11 02:53:14',7),(151,'Aerodynamic Steel Watch',80562000,NULL,'Asperiores delectus aspernatur eum.','2025-07-11 02:53:14','2025-07-11 02:53:14',6),(152,'Fantastic Rubber Shirt',78913800,NULL,'Eaque labore laborum laboriosam vero eos labore.','2025-07-11 02:53:14','2025-07-11 02:53:14',5),(153,'Mediocre Linen Table',52847800,NULL,'Similique aut asperiores accusamus.','2025-07-11 02:53:14','2025-07-11 02:53:14',5),(154,'Awesome Plastic Chair',13180000,NULL,'Magni architecto voluptatem.','2025-07-11 02:53:14','2025-07-11 02:53:14',5),(155,'Aerodynamic Wooden Keyboard',80552300,NULL,'Illum qui voluptas.','2025-07-11 02:53:14','2025-07-11 02:53:14',7),(156,'Fantastic Wooden Car',41929200,NULL,'Nam molestias repellat earum nobis voluptatem sed.','2025-07-11 02:53:14','2025-07-11 02:53:14',6),(157,'Awesome Steel Shirt',15748400,NULL,'Est iste et.','2025-07-11 02:53:14','2025-07-11 02:53:14',5),(158,'Heavy Duty Wool Keyboard',53387300,NULL,'Adipisci earum corrupti tempore temporibus sit.','2025-07-11 02:53:14','2025-07-11 02:53:14',4),(159,'Enormous Steel Shirt',16593700,NULL,'Alias eos labore a reiciendis.','2025-07-11 02:53:14','2025-07-11 02:53:14',5),(160,'Awesome Leather Gloves',25960600,NULL,'Enim laborum sed quaerat earum esse deserunt suscipit.','2025-07-11 02:53:14','2025-07-11 02:53:14',7),(161,'Small Silk Knife',52336200,NULL,'Occaecati et amet fugit nemo.','2025-07-11 02:53:14','2025-07-11 02:53:14',5),(162,'Fantastic Aluminum Clock',24843100,NULL,'Aperiam voluptate maxime et aperiam id quos.','2025-07-11 02:53:14','2025-07-11 02:53:14',8),(163,'Practical Concrete Lamp',5986210,NULL,'Ea sint rerum quibusdam cupiditate nostrum aut.','2025-07-11 02:53:14','2025-07-11 02:53:14',7),(164,'Fantastic Cotton Keyboard',65563500,NULL,'Laboriosam eos aut similique pariatur ex.','2025-07-11 02:53:14','2025-07-11 02:53:14',4),(165,'Enormous Linen Bench',13639500,NULL,'Hic quasi labore deserunt eum autem odit dolorum.','2025-07-11 02:53:14','2025-07-11 02:53:14',4),(166,'Incredible Marble Gloves',74840800,NULL,'Odio sit aut excepturi vel ut nemo et.','2025-07-11 02:53:14','2025-07-11 02:53:14',8),(167,'Durable Steel Shirt',50317100,NULL,'Voluptas excepturi doloribus ut et fugiat.','2025-07-11 02:53:14','2025-07-11 02:53:14',3),(168,'Small Leather Gloves',82194600,NULL,'Laboriosam eum asperiores sunt earum laudantium aperiam.','2025-07-11 02:53:14','2025-07-11 02:53:14',7),(169,'Sleek Silk Gloves',35523600,NULL,'Consequatur quam nam rem aperiam.','2025-07-11 02:53:14','2025-07-11 02:53:14',7),(170,'Fantastic Concrete Pants',18926300,NULL,'Id consequatur voluptatem perferendis delectus exercitationem.','2025-07-11 02:53:14','2025-07-11 02:53:14',7),(171,'Synergistic Wool Wallet',14243700,NULL,'Et reprehenderit placeat.','2025-07-11 02:53:14','2025-07-11 02:53:14',3),(172,'Heavy Duty Silk Lamp',19494500,NULL,'Libero nam repudiandae et nostrum cupiditate natus.','2025-07-11 02:53:14','2025-07-11 02:53:14',3),(173,'Ergonomic Copper Shoes',1499920,NULL,'Cum cupiditate blanditiis aut dignissimos delectus.','2025-07-11 02:53:14','2025-07-11 02:53:14',7),(174,'Durable Silk Coat',323148,NULL,'Sit quia saepe.','2025-07-11 02:53:14','2025-07-11 02:53:14',6),(175,'Mediocre Iron Bench',49431300,NULL,'Quis fugit omnis.','2025-07-11 02:53:14','2025-07-11 02:53:14',7),(176,'Aerodynamic Iron Keyboard',45256300,NULL,'Et maiores tempora.','2025-07-11 02:53:14','2025-07-11 02:53:14',6),(177,'Lightweight Iron Clock',69467300,NULL,'Et soluta repudiandae voluptatibus quas quia.','2025-07-11 02:53:14','2025-07-11 02:53:14',4),(178,'Ergonomic Silk Computer',1541440,NULL,'Inventore vitae iure animi nihil debitis corporis odio.','2025-07-11 02:53:14','2025-07-11 02:53:14',3),(179,'Intelligent Steel Bag',50064200,NULL,'Voluptatem consequuntur cupiditate omnis sed a.','2025-07-11 02:53:14','2025-07-11 02:53:14',5),(180,'Lightweight Paper Pants',62128300,NULL,'Nulla ab fugit.','2025-07-11 02:53:14','2025-07-11 02:53:14',3),(181,'Ergonomic Linen Clock',53045200,NULL,'Beatae quaerat repellat ut voluptas possimus magni.','2025-07-11 02:53:14','2025-07-11 02:53:14',6),(182,'Lightweight Wool Bench',18629200,NULL,'Exercitationem omnis distinctio rerum eum ab.','2025-07-11 02:53:14','2025-07-11 02:53:14',4),(183,'Rustic Paper Bottle',31186500,NULL,'Amet voluptatem sint iusto quia libero quos.','2025-07-11 02:53:14','2025-07-11 02:53:14',8),(184,'Lightweight Steel Pants',56356100,NULL,'Id error occaecati fuga sit non.','2025-07-11 02:53:14','2025-07-11 02:53:14',6),(185,'Durable Iron Clock',44598600,NULL,'Consequatur modi qui fuga nemo qui.','2025-07-11 02:53:14','2025-07-11 02:53:14',4),(186,'Fantastic Linen Pants',36210800,NULL,'Sunt cupiditate qui ipsum reprehenderit.','2025-07-11 02:53:14','2025-07-11 02:53:14',6),(187,'Small Plastic Watch',65783500,NULL,'Harum et maiores.','2025-07-11 02:53:14','2025-07-11 02:53:14',8),(188,'Incredible Silk Chair',6556770,NULL,'In ut molestiae.','2025-07-11 02:53:14','2025-07-11 02:53:14',6),(189,'Synergistic Iron Gloves',18794300,NULL,'Fugiat doloremque dolor.','2025-07-11 02:53:14','2025-07-11 02:53:14',8),(190,'Heavy Duty Cotton Watch',8128740,NULL,'Qui eius tenetur.','2025-07-11 02:53:14','2025-07-11 02:53:14',6),(191,'Heavy Duty Leather Shoes',7941780,NULL,'Velit nihil ducimus eum.','2025-07-11 02:53:14','2025-07-11 02:53:14',3),(192,'Ergonomic Plastic Wallet',54329300,NULL,'Itaque reiciendis eius deleniti velit.','2025-07-11 02:53:14','2025-07-11 02:53:14',3),(193,'Practical Marble Car',24147600,NULL,'Et velit aspernatur.','2025-07-11 02:53:14','2025-07-11 02:53:14',5),(194,'Durable Granite Hat',84970600,NULL,'Omnis eos qui est.','2025-07-11 02:53:14','2025-07-11 02:53:14',6),(195,'Gorgeous Marble Keyboard',84392000,NULL,'Debitis dolor reiciendis aut et saepe voluptatem modi.','2025-07-11 02:53:14','2025-07-11 02:53:14',4),(196,'Enormous Wooden Plate',88496200,NULL,'Incidunt dolore rerum esse sit.','2025-07-11 02:53:14','2025-07-11 02:53:14',3),(197,'Gorgeous Granite Lamp',25810800,NULL,'Cum amet consectetur cum eum.','2025-07-11 02:53:14','2025-07-11 02:53:14',4),(198,'Aerodynamic Bronze Wallet',55634100,NULL,'Et et iusto voluptatem.','2025-07-11 02:53:14','2025-07-11 02:53:14',5),(199,'Rustic Marble Shirt',6475360,NULL,'Et ipsam nam.','2025-07-11 02:53:14','2025-07-11 02:53:14',6),(200,'Heavy Duty Concrete Watch',49689700,NULL,'Est soluta qui saepe blanditiis reiciendis sit aspernatur.','2025-07-11 02:53:14','2025-07-11 02:53:14',7),(201,'Gorgeous Concrete Bottle',62174000,NULL,'Saepe modi velit provident unde.','2025-07-11 02:53:15','2025-07-11 02:53:15',7),(202,'Lightweight Plastic Clock',5820890,NULL,'Et et et ea nesciunt aut animi et.','2025-07-11 02:53:15','2025-07-11 02:53:15',8),(203,'Mediocre Silk Plate',63430900,NULL,'Ad necessitatibus dolores eveniet exercitationem earum perspiciatis.','2025-07-11 02:53:15','2025-07-11 02:53:15',3),(204,'Fantastic Plastic Lamp',88306100,NULL,'Non saepe temporibus occaecati.','2025-07-11 02:53:15','2025-07-11 02:53:15',5),(205,'Practical Iron Pants',36123700,NULL,'Quia ipsam voluptate voluptatem.','2025-07-11 02:53:15','2025-07-11 02:53:15',8),(206,'Aerodynamic Linen Watch',39470400,NULL,'Minima at et vero praesentium.','2025-07-11 02:53:15','2025-07-11 02:53:15',4),(207,'Small Marble Clock',85041100,NULL,'Non cum veritatis veniam inventore voluptatibus alias excepturi.','2025-07-11 02:53:15','2025-07-11 02:53:15',4),(208,'Awesome Iron Plate',15211800,NULL,'Rem mollitia omnis id.','2025-07-11 02:53:15','2025-07-11 02:53:15',6),(209,'Gorgeous Steel Chair',31922400,NULL,'Quibusdam et ducimus voluptatem ea.','2025-07-11 02:53:15','2025-07-11 02:53:15',4),(210,'Practical Linen Shirt',70298400,NULL,'Est ex illum esse.','2025-07-11 02:53:15','2025-07-11 02:53:15',7),(211,'Synergistic Paper Bag',82689600,NULL,'Voluptatem quod incidunt quae qui quia animi.','2025-07-11 02:53:15','2025-07-11 02:53:15',3),(212,'Enormous Silk Keyboard',23220200,NULL,'Earum molestias quos ut aut ut.','2025-07-11 02:53:15','2025-07-11 02:53:15',8),(213,'Incredible Plastic Chair',61743500,NULL,'Tenetur ut eum quos laboriosam sed repellat.','2025-07-11 02:53:15','2025-07-11 02:53:15',5),(214,'Lightweight Copper Wallet',12315100,NULL,'Omnis enim fugiat voluptas libero deleniti.','2025-07-11 02:53:15','2025-07-11 02:53:15',6),(215,'Awesome Steel Keyboard',48248900,NULL,'Perspiciatis magnam molestias soluta et.','2025-07-11 02:53:15','2025-07-11 02:53:15',7),(216,'Awesome Marble Coat',62734100,NULL,'Voluptates odit rerum commodi laudantium praesentium dolores.','2025-07-11 02:53:15','2025-07-11 02:53:15',4),(217,'Practical Granite Clock',43769200,NULL,'Velit facilis sunt voluptatum doloribus sunt.','2025-07-11 02:53:15','2025-07-11 02:53:15',4),(218,'Intelligent Cotton Chair',10568700,NULL,'Dolores eaque magni animi doloribus sit amet.','2025-07-11 02:53:15','2025-07-11 02:53:15',5),(219,'Lightweight Cotton Computer',8316700,NULL,'Rem voluptates omnis tenetur.','2025-07-11 02:53:15','2025-07-11 02:53:15',7),(220,'Heavy Duty Bronze Hat',56448400,NULL,'In sit ducimus eum ut.','2025-07-11 02:53:15','2025-07-11 02:53:15',8),(221,'Gorgeous Wool Wallet',65224800,NULL,'Sit voluptas ipsum consequatur.','2025-07-11 02:53:15','2025-07-11 02:53:15',4),(222,'Lightweight Granite Wallet',19854900,NULL,'Sint incidunt et sit eum nesciunt quis ab.','2025-07-11 02:53:15','2025-07-11 02:53:15',6),(223,'Heavy Duty Cotton Plate',20220300,NULL,'Molestiae hic voluptatem ducimus ut quos in.','2025-07-11 02:53:15','2025-07-11 02:53:15',8),(224,'Mediocre Leather Shirt',73262100,NULL,'Voluptatibus dolore nisi possimus qui pariatur.','2025-07-11 02:53:15','2025-07-11 02:53:15',7),(225,'Fantastic Linen Bag',71813400,NULL,'Sunt quasi voluptates enim quidem sit.','2025-07-11 02:53:15','2025-07-11 02:53:15',4),(226,'Durable Leather Car',17003200,NULL,'Voluptatem sequi tempora.','2025-07-11 02:53:15','2025-07-11 02:53:15',8),(227,'Awesome Cotton Pants',5199510,NULL,'Sed eum non omnis omnis consectetur dolor dolorem.','2025-07-11 02:53:15','2025-07-11 02:53:15',6),(228,'Gorgeous Wooden Car',40840300,NULL,'Minus vel architecto praesentium dolor.','2025-07-11 02:53:15','2025-07-11 02:53:15',4),(229,'Incredible Marble Bag',72160300,NULL,'Aut quo qui unde laborum voluptatem iste.','2025-07-11 02:53:15','2025-07-11 02:53:15',5),(230,'Ergonomic Steel Car',58171900,NULL,'Illum impedit cupiditate maxime corrupti debitis blanditiis voluptatibus.','2025-07-11 02:53:15','2025-07-11 02:53:15',6),(231,'Intelligent Plastic Clock',24810500,NULL,'Sunt omnis voluptas aut omnis.','2025-07-11 02:53:15','2025-07-11 02:53:15',8),(232,'Heavy Duty Bronze Computer',38691200,NULL,'Ut in sequi.','2025-07-11 02:53:15','2025-07-11 02:53:15',7),(233,'Synergistic Granite Pants',13112600,NULL,'Cumque porro impedit quis voluptatem fugiat voluptatibus et.','2025-07-11 02:53:15','2025-07-11 02:53:15',7),(234,'Awesome Linen Computer',53661000,NULL,'Reprehenderit non facilis.','2025-07-11 02:53:15','2025-07-11 02:53:15',5),(235,'Rustic Marble Clock',53664600,NULL,'Dolorem et quo voluptatem qui inventore repellendus hic.','2025-07-11 02:53:15','2025-07-11 02:53:15',7),(236,'Awesome Paper Coat',8069680,NULL,'Aut et ut sit.','2025-07-11 02:53:15','2025-07-11 02:53:15',4),(237,'Aerodynamic Aluminum Shoes',29991600,NULL,'Similique qui odit ratione dolor.','2025-07-11 02:53:15','2025-07-11 02:53:15',5),(238,'Aerodynamic Rubber Shirt',50540200,NULL,'Beatae fugit deleniti quo cum tempore.','2025-07-11 02:53:15','2025-07-11 02:53:15',6),(239,'Aerodynamic Paper Pants',45851500,NULL,'Ut quaerat ullam ut veritatis.','2025-07-11 02:53:15','2025-07-11 02:53:15',7),(240,'Practical Plastic Pants',6010550,NULL,'Ea ipsum asperiores enim rerum deserunt illo.','2025-07-11 02:53:15','2025-07-11 02:53:15',7),(241,'Rustic Concrete Wallet',22374200,NULL,'Rerum consectetur est.','2025-07-11 02:53:15','2025-07-11 02:53:15',7),(242,'Sleek Bronze Car',74316400,NULL,'Est repellat exercitationem architecto ex.','2025-07-11 02:53:15','2025-07-11 02:53:15',7),(243,'Heavy Duty Paper Wallet',58988000,NULL,'Officiis officiis voluptatem.','2025-07-11 02:53:15','2025-07-11 02:53:15',4),(244,'Incredible Aluminum Car',76345400,NULL,'Ea voluptas laudantium fuga consequuntur velit.','2025-07-11 02:53:15','2025-07-11 02:53:15',6),(245,'Durable Plastic Clock',43183900,NULL,'Illum doloremque sunt.','2025-07-11 02:53:15','2025-07-11 02:53:15',6),(246,'Durable Concrete Bench',83353300,NULL,'Eos ratione placeat quo ducimus.','2025-07-11 02:53:15','2025-07-11 02:53:15',3),(247,'Rustic Paper Pants',56934200,NULL,'Porro qui est aut commodi.','2025-07-11 02:53:15','2025-07-11 02:53:15',5),(248,'Enormous Bronze Knife',89094900,NULL,'Ut et perspiciatis voluptatem.','2025-07-11 02:53:15','2025-07-11 02:53:15',6),(249,'Intelligent Aluminum Shoes',71805400,NULL,'Quidem modi ab explicabo voluptates explicabo aut numquam.','2025-07-11 02:53:15','2025-07-11 02:53:15',8),(250,'Awesome Steel Wallet',76092900,NULL,'Fuga est quia nisi exercitationem necessitatibus nobis laborum.','2025-07-11 02:53:15','2025-07-11 02:53:15',7),(251,'Practical Wooden Bag',27693500,NULL,'Dolorem non deserunt qui eos.','2025-07-11 02:53:15','2025-07-11 02:53:15',6),(252,'Awesome Plastic Coat',76872200,NULL,'Debitis qui quo.','2025-07-11 02:53:15','2025-07-11 02:53:15',6),(253,'Gorgeous Aluminum Pants',24382500,NULL,'Quo itaque ipsam.','2025-07-11 02:53:15','2025-07-11 02:53:15',5),(254,'Awesome Plastic Wallet',17485300,NULL,'Alias placeat consectetur id facilis at facere voluptatem.','2025-07-11 02:53:15','2025-07-11 02:53:15',3),(255,'Ergonomic Rubber Car',15151600,NULL,'Quis laboriosam aut.','2025-07-11 02:53:15','2025-07-11 02:53:15',5),(256,'Fantastic Silk Bag',10264900,NULL,'Quod deserunt aliquid est corrupti voluptatem autem.','2025-07-11 02:53:15','2025-07-11 02:53:15',7),(257,'Heavy Duty Iron Clock',67715400,NULL,'Iure non at delectus eius quia esse.','2025-07-11 02:53:15','2025-07-11 02:53:15',7),(258,'Synergistic Copper Hat',44750900,NULL,'Architecto voluptatem debitis aut sint ea.','2025-07-11 02:53:15','2025-07-11 02:53:15',8),(259,'Sleek Linen Plate',47359200,NULL,'Sit vel iste amet excepturi dolorem.','2025-07-11 02:53:15','2025-07-11 02:53:15',4),(260,'Ergonomic Steel Shoes',58179200,NULL,'Voluptates explicabo ipsa temporibus commodi possimus.','2025-07-11 02:53:16','2025-07-11 02:53:16',7),(261,'Lightweight Linen Gloves',49496200,NULL,'Magnam qui excepturi hic eos.','2025-07-11 02:53:16','2025-07-11 02:53:16',5),(262,'Intelligent Concrete Car',84038700,NULL,'Sed voluptas non nostrum est.','2025-07-11 02:53:16','2025-07-11 02:53:16',8),(263,'Rustic Silk Pants',75604200,NULL,'Consequatur culpa omnis.','2025-07-11 02:53:16','2025-07-11 02:53:16',8),(264,'Ergonomic Paper Computer',19187100,NULL,'Natus corrupti consequatur quae iusto.','2025-07-11 02:53:16','2025-07-11 02:53:16',7),(265,'Ergonomic Leather Table',23750500,NULL,'Id veniam officiis delectus voluptatem eligendi.','2025-07-11 02:53:16','2025-07-11 02:53:16',5),(266,'Synergistic Copper Wallet',15151000,NULL,'Qui est quae sequi et.','2025-07-11 02:53:16','2025-07-11 02:53:16',7),(267,'Heavy Duty Marble Knife',65148700,NULL,'Harum quod eos voluptate dolores id maiores.','2025-07-11 02:53:16','2025-07-11 02:53:16',7),(268,'Awesome Marble Car',66101700,NULL,'Blanditiis quibusdam nulla.','2025-07-11 02:53:16','2025-07-11 02:53:16',5),(269,'Incredible Copper Hat',71753100,NULL,'Tenetur eaque magnam at.','2025-07-11 02:53:16','2025-07-11 02:53:16',5),(270,'Incredible Granite Keyboard',55450900,NULL,'Animi laudantium consectetur.','2025-07-11 02:53:16','2025-07-11 02:53:16',4),(271,'Durable Linen Pants',74977800,NULL,'Similique aliquam occaecati alias dolores.','2025-07-11 02:53:16','2025-07-11 02:53:16',7),(272,'Intelligent Leather Wallet',6752940,NULL,'Enim vitae corrupti itaque optio.','2025-07-11 02:53:16','2025-07-11 02:53:16',6),(273,'Lightweight Copper Table',63753800,NULL,'Vel voluptatum illo laboriosam quia eum cupiditate non.','2025-07-11 02:53:16','2025-07-11 02:53:16',5),(274,'Synergistic Leather Table',27643900,NULL,'Est nesciunt occaecati.','2025-07-11 02:53:16','2025-07-11 02:53:16',6),(275,'Intelligent Bronze Keyboard',65927900,NULL,'Perspiciatis voluptates nam et quas possimus.','2025-07-11 02:53:16','2025-07-11 02:53:16',5),(276,'Awesome Linen Bottle',32275200,NULL,'Voluptas incidunt reiciendis optio ipsa porro est.','2025-07-11 02:53:16','2025-07-11 02:53:16',5),(277,'Awesome Paper Plate',42854000,NULL,'Nisi qui pariatur cumque dolor dolore possimus.','2025-07-11 02:53:16','2025-07-11 02:53:16',8),(278,'Mediocre Bronze Bench',36062900,NULL,'Dolorem autem earum consequatur at ad.','2025-07-11 02:53:16','2025-07-11 02:53:16',7),(279,'Gorgeous Wooden Chair',81882000,NULL,'In beatae voluptas fugiat incidunt aliquid nihil in.','2025-07-11 02:53:16','2025-07-11 02:53:16',7),(280,'Heavy Duty Paper Hat',60716100,NULL,'Dolores assumenda quos fuga suscipit quis molestias non.','2025-07-11 02:53:16','2025-07-11 02:53:16',6),(281,'Heavy Duty Iron Plate',22921400,NULL,'Quo corrupti quia velit necessitatibus quod.','2025-07-11 02:53:16','2025-07-11 02:53:16',4),(282,'Lightweight Linen Wallet',88181600,NULL,'Eius dolor sint velit veritatis dolor ratione et.','2025-07-11 02:53:16','2025-07-11 02:53:16',4),(283,'Lightweight Rubber Shirt',26196400,NULL,'Tempora omnis ex tempore nesciunt.','2025-07-11 02:53:16','2025-07-11 02:53:16',8),(284,'Practical Wooden Pants',30358600,NULL,'Voluptatem numquam ad harum dolores officia.','2025-07-11 02:53:16','2025-07-11 02:53:16',7),(285,'Lightweight Steel Coat',16052300,NULL,'Accusantium autem iusto.','2025-07-11 02:53:16','2025-07-11 02:53:16',8),(286,'Practical Paper Plate',56162300,NULL,'Debitis voluptas totam.','2025-07-11 02:53:16','2025-07-11 02:53:16',6),(287,'Ergonomic Bronze Wallet',66865500,NULL,'Quisquam et et at consequatur nam officiis.','2025-07-11 02:53:16','2025-07-11 02:53:16',5),(288,'Ergonomic Copper Wallet',64538200,NULL,'Sint hic vitae harum veritatis excepturi neque magnam.','2025-07-11 02:53:16','2025-07-11 02:53:16',4),(289,'Ergonomic Plastic Plate',33906600,NULL,'Dolorum quisquam cum expedita corporis doloribus.','2025-07-11 02:53:16','2025-07-11 02:53:16',6),(290,'Lightweight Leather Coat',23482100,NULL,'Ex officiis qui.','2025-07-11 02:53:16','2025-07-11 02:53:16',5),(291,'Intelligent Silk Clock',21529800,NULL,'Nemo ab dolor minima aut saepe.','2025-07-11 02:53:16','2025-07-11 02:53:16',6),(292,'Gorgeous Cotton Clock',83549900,NULL,'Qui sint consectetur.','2025-07-11 02:53:16','2025-07-11 02:53:16',6),(293,'Lightweight Iron Keyboard',85677200,NULL,'Consequatur consectetur minima dolorem reprehenderit perspiciatis eveniet.','2025-07-11 02:53:16','2025-07-11 02:53:16',8),(294,'Fantastic Wool Watch',17576300,NULL,'Et consequatur voluptas sunt porro ipsa quasi.','2025-07-11 02:53:16','2025-07-11 02:53:16',7),(295,'Lightweight Bronze Clock',71627600,NULL,'Nihil ut sequi.','2025-07-11 02:53:16','2025-07-11 02:53:16',3),(296,'Practical Granite Gloves',76773300,NULL,'Quam soluta maxime sunt reiciendis dolorum.','2025-07-11 02:53:16','2025-07-11 02:53:16',8),(297,'Lightweight Marble Pants',30949000,NULL,'Dolor consectetur voluptatum dolorem.','2025-07-11 02:53:16','2025-07-11 02:53:16',5),(298,'Synergistic Silk Bottle',71373500,NULL,'Dolores facilis sapiente quasi debitis nulla iure.','2025-07-11 02:53:16','2025-07-11 02:53:16',6),(299,'Enormous Marble Hat',7904070,NULL,'Quia quia quaerat eius omnis expedita ut.','2025-07-11 02:53:16','2025-07-11 02:53:16',8),(300,'Durable Copper Gloves',78539300,NULL,'Ipsa praesentium aut maxime dolore itaque eveniet corporis.','2025-07-11 02:53:16','2025-07-11 02:53:16',4),(301,'Incredible Iron Car',34697500,NULL,'Ut debitis non voluptas voluptatem expedita aut.','2025-07-11 02:53:16','2025-07-11 02:53:16',7),(302,'Aerodynamic Iron Table',51672000,NULL,'Est cumque quo est molestiae nihil.','2025-07-11 02:53:16','2025-07-11 02:53:16',5),(303,'Intelligent Paper Bottle',60137100,NULL,'Est excepturi qui ut qui nostrum deserunt veniam.','2025-07-11 02:53:16','2025-07-11 02:53:16',7),(304,'Sleek Aluminum Table',85093700,NULL,'Quibusdam dolor fuga.','2025-07-11 02:53:16','2025-07-11 02:53:16',4),(305,'Awesome Cotton Knife',40247800,NULL,'Voluptate aliquid vel.','2025-07-11 02:53:16','2025-07-11 02:53:16',5),(306,'Ergonomic Rubber Bag',38511700,NULL,'Et omnis quos ex qui maxime enim qui.','2025-07-11 02:53:16','2025-07-11 02:53:16',6),(307,'Fantastic Rubber Hat',24552300,NULL,'Exercitationem nesciunt provident dolorem ab perferendis eum rerum.','2025-07-11 02:53:16','2025-07-11 02:53:16',8),(308,'Durable Aluminum Bottle',20466900,NULL,'Accusantium qui consequatur.','2025-07-11 02:53:16','2025-07-11 02:53:16',4),(309,'Awesome Plastic Gloves',38980500,NULL,'Officia voluptas repellendus facere pariatur sit.','2025-07-11 02:53:16','2025-07-11 02:53:16',7),(310,'Synergistic Steel Shirt',36593900,NULL,'Eligendi veniam aut reprehenderit aut non architecto est.','2025-07-11 02:53:16','2025-07-11 02:53:16',5),(311,'Sleek Wooden Wallet',59472500,NULL,'Voluptas illum id similique quasi totam incidunt optio.','2025-07-11 02:53:16','2025-07-11 02:53:16',4),(312,'Synergistic Iron Pants',52464300,NULL,'Et magni assumenda consectetur voluptates est vero repellendus.','2025-07-11 02:53:16','2025-07-11 02:53:16',4),(313,'Lightweight Wool Knife',59835900,NULL,'Quia autem dolorem et est et.','2025-07-11 02:53:16','2025-07-11 02:53:16',7),(314,'Practical Leather Computer',23558700,NULL,'Distinctio quis fugit rerum.','2025-07-11 02:53:16','2025-07-11 02:53:16',6),(315,'Heavy Duty Bronze Coat',23497400,NULL,'Doloribus rerum modi nostrum nihil nostrum ea mollitia.','2025-07-11 02:53:16','2025-07-11 02:53:16',7),(316,'Incredible Wool Keyboard',72809900,'03c208b3-3585-4a4f-8d87-eb6560c68276_car-967470_1280.png','Et expedita dolores impedit sed tempora quia saepe.','2025-07-11 02:53:16','2025-07-11 02:53:16',3),(317,'rpg-7',2500000,'df8468b9-3fbf-4ad5-bb74-87b7c5524f27_car-967470_1280.png','Xuất hiện ở Việt Nam lần đầu năm 1967','2025-08-25 18:43:20','2025-08-25 18:43:20',4);
/*!40000 ALTER TABLE `products` ENABLE KEYS */;
UNLOCK TABLES;

--
-- Table structure for table `roles`
--

DROP TABLE IF EXISTS `roles`;
/*!40101 SET @saved_cs_client     = @@character_set_client */;
/*!50503 SET character_set_client = utf8mb4 */;
CREATE TABLE `roles` (
  `id` int NOT NULL,
  `name` varchar(20) NOT NULL,
  PRIMARY KEY (`id`)
) ENGINE=InnoDB DEFAULT CHARSET=utf8mb4 COLLATE=utf8mb4_0900_ai_ci;
/*!40101 SET character_set_client = @saved_cs_client */;

--
-- Dumping data for table `roles`
--

LOCK TABLES `roles` WRITE;
/*!40000 ALTER TABLE `roles` DISABLE KEYS */;
INSERT INTO `roles` VALUES (1,'ADMIN'),(2,'USER');
/*!40000 ALTER TABLE `roles` ENABLE KEYS */;
UNLOCK TABLES;

--
-- Table structure for table `social_accounts`
--

DROP TABLE IF EXISTS `social_accounts`;
/*!40101 SET @saved_cs_client     = @@character_set_client */;
/*!50503 SET character_set_client = utf8mb4 */;
CREATE TABLE `social_accounts` (
  `id` int NOT NULL AUTO_INCREMENT,
  `provider` varchar(20) NOT NULL COMMENT 'Tên nhà social network',
  `provider_id` varchar(50) NOT NULL,
  `email` varchar(150) NOT NULL COMMENT 'Email tài khoản',
  `name` varchar(100) NOT NULL COMMENT 'Tên người dùng',
  `user_id` int DEFAULT NULL,
  PRIMARY KEY (`id`),
  KEY `user_id` (`user_id`),
  CONSTRAINT `social_accounts_ibfk_1` FOREIGN KEY (`user_id`) REFERENCES `users` (`id`)
) ENGINE=InnoDB DEFAULT CHARSET=utf8mb4 COLLATE=utf8mb4_0900_ai_ci;
/*!40101 SET character_set_client = @saved_cs_client */;

--
-- Dumping data for table `social_accounts`
--

LOCK TABLES `social_accounts` WRITE;
/*!40000 ALTER TABLE `social_accounts` DISABLE KEYS */;
/*!40000 ALTER TABLE `social_accounts` ENABLE KEYS */;
UNLOCK TABLES;

--
-- Table structure for table `tokens`
--

DROP TABLE IF EXISTS `tokens`;
/*!40101 SET @saved_cs_client     = @@character_set_client */;
/*!50503 SET character_set_client = utf8mb4 */;
CREATE TABLE `tokens` (
  `id` int NOT NULL AUTO_INCREMENT,
  `token` varchar(255) NOT NULL,
  `token_type` varchar(50) NOT NULL,
  `expiration_date` datetime DEFAULT NULL,
  `revoked` tinyint(1) NOT NULL,
  `expired` tinyint(1) NOT NULL,
  `user_id` int DEFAULT NULL,
  PRIMARY KEY (`id`),
  UNIQUE KEY `token` (`token`),
  KEY `user_id` (`user_id`),
  CONSTRAINT `tokens_ibfk_1` FOREIGN KEY (`user_id`) REFERENCES `users` (`id`)
) ENGINE=InnoDB DEFAULT CHARSET=utf8mb4 COLLATE=utf8mb4_0900_ai_ci;
/*!40101 SET character_set_client = @saved_cs_client */;

--
-- Dumping data for table `tokens`
--

LOCK TABLES `tokens` WRITE;
/*!40000 ALTER TABLE `tokens` DISABLE KEYS */;
/*!40000 ALTER TABLE `tokens` ENABLE KEYS */;
UNLOCK TABLES;

--
-- Table structure for table `users`
--

DROP TABLE IF EXISTS `users`;
/*!40101 SET @saved_cs_client     = @@character_set_client */;
/*!50503 SET character_set_client = utf8mb4 */;
CREATE TABLE `users` (
  `id` int NOT NULL AUTO_INCREMENT,
  `fullname` varchar(100) DEFAULT '',
  `phone_number` varchar(10) NOT NULL,
  `address` varchar(200) DEFAULT '',
  `password` varchar(100) NOT NULL DEFAULT '',
  `created_at` datetime DEFAULT NULL,
  `updated_at` datetime DEFAULT NULL,
  `is_active` tinyint(1) DEFAULT '1',
  `date_of_birth` date DEFAULT NULL,
  `facebook_account_id` int DEFAULT '0',
  `google_account_id` int DEFAULT '0',
  `role_id` int DEFAULT NULL,
  PRIMARY KEY (`id`),
  KEY `role_id` (`role_id`),
  CONSTRAINT `users_ibfk_1` FOREIGN KEY (`role_id`) REFERENCES `roles` (`id`)
) ENGINE=InnoDB AUTO_INCREMENT=16 DEFAULT CHARSET=utf8mb4 COLLATE=utf8mb4_0900_ai_ci;
/*!40101 SET character_set_client = @saved_cs_client */;

--
-- Dumping data for table `users`
--

LOCK TABLES `users` WRITE;
/*!40000 ALTER TABLE `users` DISABLE KEYS */;
INSERT INTO `users` VALUES (4,'Aaron McKenzie','012345678','VietNam','123456','2025-07-11 07:15:24','2025-07-11 07:15:24',1,'2001-01-01',0,0,2),(5,'Waverly Earp','012345679','VietNam','123456','2025-07-11 07:23:58','2025-07-11 07:23:58',1,'2001-01-01',0,0,2),(6,'Dana Fairbanks','012345680','U.S','$2a$10$8E9WhXNTyH6bKtxFEMNtruJb2n/JZQsJoGcexIM04emEMkKgfmXn.','2025-07-16 02:20:14','2025-07-16 02:20:14',1,'1977-01-01',0,0,1),(7,'Lara Perkins','012345681','U.S','$2a$10$R/kxVUf3Uqu.Ilmxt6/KGeRqG1Jn6C.Crfc62Oean4d0h.3a1JVVK','2025-08-17 00:45:05','2025-08-17 00:45:05',1,'1977-01-01',0,0,2),(8,'Tina Kennard','012345682','U.S','$2a$10$z8IHbGSE1xutD.iIv36leOIG7BIAj59G/kpw5RO4ipmZ8q.sm7/PO','2025-08-18 08:12:43','2025-08-18 08:12:43',1,'1963-01-01',0,0,2),(9,'Bette Porter','012345683','Los Angeles','$2a$10$X4nKPmDogc.HIm16HMJ5EO.XjpKdOwxdEemjYBJ9q7qtrR3ooVSOC','2025-08-21 15:31:16','2025-08-21 15:31:16',1,'1963-12-19',0,0,2),(10,'Alice Pieszecki','012345684','Los Angeles','$2a$10$5J0dyQUt5XJOpldL9DZdGuknPH5fygY0nUeUOaeSDbOjr/VQoAiP6','2025-08-21 15:35:43','2025-08-21 15:35:43',1,'1971-07-11',0,0,2),(11,'Shane McCutcheon','012345685','Los Angeles','$2a$10$pKOM72nhWKRiwCzJb/S1vuvFIAL0eT4Dw/e3/kbxK8E5hgLCWw5j2','2025-08-21 15:37:16','2025-08-21 15:37:16',1,'1977-12-29',0,0,2),(12,'Jennifer Schecter','012345686','Los Angeles','$2a$10$H9rrCb3iT.Zao5mE3P3SLelS1qA./A4F5J9.8sZFGO9SYMpjKmPFO','2025-08-21 16:40:58','2025-08-21 16:40:58',1,'1975-01-25',0,0,2),(13,'Marina Ferrer','012345687','France','$2a$10$dHwjWYQjViHYuZ8QwitZ8.p9.Tlz.T0QG6M2zHEjOL036O2uc605m','2025-08-22 07:25:33','2025-08-22 07:25:33',1,'1969-01-21',0,0,2),(14,'Helena Peabody','012345688','Los Angeles','$2a$10$mbITAzSdgRiDOM9Cghf/xOC40eFAqbW5tVeHBsXr4WdzUf0BxeLKC','2025-08-23 09:17:43','2025-08-23 09:17:43',1,'1969-08-25',0,0,2),(15,'Kit Porter','012345689','Los Angeles','$2a$10$qs6127Q1iBpYVbhyEs3X7eb/t8VJ0dnhAJkAXM.wCXxn6TIUlk2h2','2025-08-23 09:18:42','2025-08-23 09:18:42',1,'1946-05-26',0,0,2);
/*!40000 ALTER TABLE `users` ENABLE KEYS */;
UNLOCK TABLES;
/*!40103 SET TIME_ZONE=@OLD_TIME_ZONE */;

/*!40101 SET SQL_MODE=@OLD_SQL_MODE */;
/*!40014 SET FOREIGN_KEY_CHECKS=@OLD_FOREIGN_KEY_CHECKS */;
/*!40014 SET UNIQUE_CHECKS=@OLD_UNIQUE_CHECKS */;
/*!40101 SET CHARACTER_SET_CLIENT=@OLD_CHARACTER_SET_CLIENT */;
/*!40101 SET CHARACTER_SET_RESULTS=@OLD_CHARACTER_SET_RESULTS */;
/*!40101 SET COLLATION_CONNECTION=@OLD_COLLATION_CONNECTION */;
/*!40111 SET SQL_NOTES=@OLD_SQL_NOTES */;

-- Dump completed on 2025-08-29 22:12:54
